	Desc	Aflo	Amel	Bimp	Bter	Ccal	Dnov	Emex	Hlab	Lalb	Mqua	Mrot	GeneID	name	source	TranscriptID	Class
ORTHOMCL1	null	18	14	21	21	16	15	14	15	17	19	18	LOC725068	XP_026295158.1	Amel	XM_026439373.1	Canon
ORTHOMCL9	null	7	7	8	8	7	6	7	8	7	7	8	LOC724291	XP_026300252.1	Amel	XM_026444467.1	Canon
ORTHOMCL15	null	5	5	6	5	7	4	7	5	4	3	14	LOC552637	XP_625015.1	Amel	XM_625012.4	Canon
ORTHOMCL21	null	3	4	4	6	5	7	5	5	5	5	4	LOC410994	XP_394469.1	Amel	XM_394469.6	Canon
ORTHOMCL36	null	5	5	6	5	3	4	4	3	4	3	4	LOC406139	XP_026295817.1	Amel	XM_026440032.1	Canon
ORTHOMCL44	null	7	1	6	6	7	2	5	6	1	1	1	LOC100577764	XP_026296924.1	Amel	XM_026441139.1	Canon
ORTHOMCL49	null	2	2	2	3	9	3	8	7	4	1	1	LOC409708	XP_006570610.1	Amel	XM_006570547.3	Canon
ORTHOMCL60	null	3	3	4	4	4	4	4	3	4	3	3	LOC408992	XP_016769432.1	Amel	XM_016913943.2	Canon
ORTHOMCL188	null	1	1	5	4	1	1	3	1	1	1	8	LOC552419	XP_016768307.1	Amel	XM_016912818.2	Canon
ORTHOMCL213	null	4	2	3	4	1	3	2	2	3	1	1	LOC726172	XP_016771429.1	Amel	XM_016915940.2	Canon
ORTHOMCL226	null	3	2	3	2	2	3	2	2	1	2	4	LOC724550	XP_001120439.3	Amel	XM_001120439.5	Canon
ORTHOMCL233	null	2	2	2	2	5	2	2	2	2	2	2	LOC406097	XP_026299856.1	Amel	XM_026444071.1	Canon
ORTHOMCL237	null	2	1	5	4	2	3	1	2	1	1	3	LOC100578030	XP_026299601.1	Amel	XM_026443816.1	Canon
ORTHOMCL327	null	1	1	3	4	2	1	2	1	1	1	7	LOC413772	XP_006572407.1	Amel	XM_006572344.3	Canon
ORTHOMCL394	null	2	2	2	2	2	3	2	2	2	2	2	LOC551970	XP_026295249.1	Amel	XM_026439464.1	Canon
ORTHOMCL462	null	2	1	3	3	2	1	2	5	1	1	1	LOC408577	XP_016773222.2	Amel	XM_016917733.2	Canon
ORTHOMCL499	null	1	1	3	4	2	3	2	3	1	1	1	LOC409036	XP_026298584.1	Amel	XM_026442799.1	Canon
ORTHOMCL500	null	1	1	3	4	1	1	2	2	1	1	5	LOC724408	XP_001119898.1	Amel	XM_001119898.5	Canon
ORTHOMCL559	null	3	1	4	4	1	1	3	1	1	1	1	LOC412816	XP_006569527.1	Amel	XM_006569464.3	Canon
ORTHOMCL595	null	2	1	1	1	2	2	2	2	2	2	3	LOC725024	XP_026298663.1	Amel	XM_026442878.1	Canon
ORTHOMCL607	null	3	1	2	2	1	1	3	1	1	1	4	LOC410812	XP_016773635.1	Amel	XM_016918146.2	Canon
ORTHOMCL638	null	1	1	5	6	1	1	1	1	1	1	1	Imd	NP_001157189.1	Amel	NM_001163717.1	Canon
ORTHOMCL680	null	3	1	2	1	1	1	1	0	1	1	7	LOC412703	XP_006562783.1	Amel	XM_006562720.3	Canon
ORTHOMCL684	null	1	1	1	1	1	2	1	1	1	1	8	LOC726766	XP_026302064.1	Amel	XM_026446279.1	Canon
ORTHOMCL694	null	1	1	3	6	2	1	1	1	1	1	1	LOC725111	XP_026300549.1	Amel	XM_026444764.1	Canon
ORTHOMCL715	null	7	1	1	1	1	2	1	2	1	1	1	LOC412115	XP_006559595.1	Amel	XM_006559532.3	Canon
ORTHOMCL734	null	3	1	4	4	1	1	1	1	1	1	1	LOC409814	XP_026298047.1	Amel	XM_026442262.1	Canon
ORTHOMCL780	null	1	1	2	2	1	1	5	3	1	1	1	LOC413742	XP_397181.1	Amel	XM_397181.7	Canon
ORTHOMCL802	null	2	1	1	1	2	1	3	2	2	2	1	LOC412810	XP_016768512.1	Amel	XM_016913023.2	Canon
ORTHOMCL880	null	1	1	5	1	2	1	1	3	1	1	1	LOC410860	XP_016766188.2	Amel	XM_016910699.2	Canon
ORTHOMCL882	null	1	1	2	3	1	2	1	1	2	2	2	LOC411566	XP_006564477.1	Amel	XM_006564414.3	Canon
ORTHOMCL887	null	1	1	4	4	3	1	1	1	0	1	1	LOC724873	XP_001120025.2	Amel	XM_001120025.5	Canon
ORTHOMCL890	null	2	2	2	1	2	1	2	1	2	1	2	Dl	NP_001164477.1	Amel	NM_001171006.1	Canon
ORTHOMCL921	null	1	1	1	1	1	1	1	1	1	1	7	LOC409941	XP_003250899.1	Amel	XM_003250851.4	Canon
ORTHOMCL935	null	1	1	3	4	1	1	4	1	0	0	1	LOC726781	XP_006566643.1	Amel	XM_006566580.3	Canon
ORTHOMCL953	null	2	1	2	2	2	1	2	1	1	1	2	LOC551093	XP_623495.1	Amel	XM_623492.6	Canon
ORTHOMCL970	null	1	1	1	1	7	1	1	1	1	1	1	LOC409286	XP_006557302.1	Amel	XM_006557239.3	Canon
ORTHOMCL993	null	1	1	3	2	4	1	1	1	1	1	1	LOC551664	XP_026295986.1	Amel	XM_026440201.1	Canon
ORTHOMCL1018	null	1	1	2	3	2	1	2	1	1	1	2	LOC726197	XP_003249915.1	Amel	XM_003249867.4	Canon
ORTHOMCL1026	null	1	1	1	1	3	2	2	2	2	1	1	PPO	NP_001011627.1	Amel	NM_001011627.1	Canon
ORTHOMCL1071	null	1	1	1	2	1	3	1	2	2	2	1	LOC726286	XP_026296673.1	Amel	XM_026440888.1	Canon
ORTHOMCL1089	null	1	1	3	2	3	1	1	2	1	1	1	LOC409386	XP_392901.2	Amel	XM_392901.7	Canon
ORTHOMCL1129	null	1	1	2	4	2	1	1	1	1	1	1	LOC725512	XP_006560091.1	Amel	XM_006560028.3	Canon
ORTHOMCL1229	null	1	1	2	1	1	1	2	1	1	1	4	LOC725374	XP_006562044.3	Amel	XM_006561981.3	Canon
ORTHOMCL1236	null	1	1	2	2	2	1	2	1	1	1	2	LOC412647	XP_026298558.1	Amel	XM_026442773.1	Canon
ORTHOMCL1247	null	1	1	1	3	1	2	1	1	1	1	3	LOC409334	XP_026296438.1	Amel	XM_026440653.1	Canon
ORTHOMCL1256	null	1	1	2	2	2	1	1	1	1	1	3	LOC100578537	XP_003249446.3	Amel	XM_003249398.4	Canon
ORTHOMCL1291	null	1	1	3	3	1	1	1	1	1	1	2	LOC726500	XP_026297917.1	Amel	XM_026442132.1	Canon
ORTHOMCL1294	null	1	1	3	2	1	1	1	1	1	1	3	LOC551467	XP_006566739.1	Amel	XM_006566676.3	Canon
ORTHOMCL1301	null	1	1	1	1	1	1	1	1	1	1	6	LOC409791	XP_393285.1	Amel	XM_393285.7	Canon
ORTHOMCL1362	null	2	1	1	1	2	1	2	1	1	2	1	LOC726721	XP_001120892.1	Amel	XM_001120892.5	Canon
ORTHOMCL1436	null	1	1	1	1	5	1	1	1	1	1	1	LOC413809	XP_397248.4	Amel	XM_397248.7	Canon
ORTHOMCL1440	null	2	1	2	2	2	1	1	1	1	1	1	LOC411613	XP_016766993.2	Amel	XM_016911504.2	Canon
ORTHOMCL1492	null	1	1	4	1	2	1	1	1	1	1	1	LOC726760	XP_026294855.1	Amel	XM_026439070.1	Canon
ORTHOMCL1506	null	2	1	2	2	1	1	1	2	1	1	1	LOC551384	XP_623782.1	Amel	XM_623779.5	Canon
ORTHOMCL1517	null	2	1	2	2	2	1	1	1	1	1	1	LOC413126	XP_006572322.1	Amel	XM_006572259.3	Canon
ORTHOMCL1590	null	1	1	3	3	2	0	1	1	1	1	1	LOC413374	XP_396819.2	Amel	XM_396819.7	Canon
ORTHOMCL1734	null	1	1	1	1	1	1	1	1	1	1	4	LOC724223	XP_001119992.2	Amel	XM_001119992.5	Canon
ORTHOMCL1802	null	2	1	1	1	3	1	1	1	1	1	1	LOC726167	XP_006561810.1	Amel	XM_006561747.3	Canon
ORTHOMCL1844	null	1	1	1	1	3	2	1	1	1	1	1	CytC	NP_001170961.1	Amel	NM_001177490.1	Canon
ORTHOMCL1855	null	2	1	1	3	1	1	1	1	1	1	1	LOC551819	XP_624207.3	Amel	XM_624204.6	Canon
ORTHOMCL1873	null	1	1	2	2	1	1	1	1	1	1	2	LOC552138	XP_624520.1	Amel	XM_624517.6	Canon
ORTHOMCL1904	null	2	1	1	1	2	1	1	1	1	1	2	LOC552197	XP_624577.2	Amel	XM_624574.6	Canon
ORTHOMCL1993	null	1	1	2	2	2	1	1	1	1	1	1	LOC552036	XP_624419.3	Amel	XM_624416.6	Canon
ORTHOMCL2050	null	2	1	1	1	1	1	2	1	1	1	2	LOC724703	XP_001120594.2	Amel	XM_001120594.5	Canon
ORTHOMCL2075	null	2	1	2	1	2	1	1	1	1	1	1	LOC408501	XP_392044.2	Amel	XM_392044.7	Canon
ORTHOMCL2076	null	2	1	2	2	1	1	1	1	1	1	1	LOC410575	XP_006563748.1	Amel	XM_006563685.3	Canon
ORTHOMCL2084	null	2	1	1	2	3	1	1	1	0	1	1	LOC410415	XP_006558581.1	Amel	XM_006558518.3	Canon
ORTHOMCL2150	null	1	1	1	1	1	1	1	1	1	1	4	LOC411892	XP_006562159.1	Amel	XM_006562096.3	Canon
ORTHOMCL2167	null	1	1	2	2	2	1	1	1	1	1	1	LOC408438	XP_006565104.1	Amel	XM_006565041.3	Canon
ORTHOMCL2212	null	2	1	1	1	1	1	2	1	1	1	1	LOC725899	XP_026296489.1	Amel	XM_026440704.1	Canon
ORTHOMCL2323	null	1	1	1	1	2	2	1	1	1	1	1	LOC409523	XP_393029.2	Amel	XM_393029.7	Canon
ORTHOMCL2359	null	1	1	1	1	2	1	1	1	1	1	2	LOC408852	XP_016767675.2	Amel	XM_016912186.2	Canon
ORTHOMCL2367	null	2	1	1	1	1	2	1	1	1	1	1	LOC551036	XP_623435.1	Amel	XM_623432.6	Canon
ORTHOMCL2440	null	2	1	1	2	1	1	1	1	1	1	1	LOC411816	XP_395283.4	Amel	XM_395283.7	Canon
ORTHOMCL2506	null	2	1	2	1	1	1	1	1	1	1	1	LOC411915	XP_003250351.1	Amel	XM_003250303.4	Canon
ORTHOMCL2596	null	2	1	1	1	1	1	2	1	1	1	1	LOC726947	XP_016771592.1	Amel	XM_016916103.2	Canon
ORTHOMCL2644	null	1	1	2	1	1	1	1	1	1	1	2	LOC552476	XP_624852.1	Amel	XM_624849.6	Canon
ORTHOMCL2649	null	2	1	1	1	2	1	1	1	1	1	1	LOC725263	XP_001121135.1	Amel	XM_001121135.5	Canon
ORTHOMCL2698	null	3	1	1	1	1	1	1	1	1	1	1	LOC413663	XP_006559637.1	Amel	XM_006559574.3	Canon
ORTHOMCL2702	null	1	1	1	1	1	1	1	1	1	1	3	LOC408808	XP_392338.3	Amel	XM_392338.7	Canon
ORTHOMCL2719	null	1	1	1	1	3	1	1	1	1	1	1	LOC100577690	XP_006572135.2	Amel	XM_006572072.3	Canon
ORTHOMCL2722	null	1	1	1	1	2	1	1	1	1	2	1	LOC408391	XP_003249906.1	Amel	XM_003249858.4	Canon
ORTHOMCL2742	null	1	1	2	2	1	1	1	1	1	1	1	LOC408924	XP_006565569.1	Amel	XM_006565506.3	Canon
ORTHOMCL2768	null	1	1	1	1	2	1	1	1	1	1	2	LOC551980	XP_006562420.1	Amel	XM_006562357.3	Canon
ORTHOMCL2820	null	1	1	1	1	2	1	2	1	1	1	1	LOC551618	XP_624012.3	Amel	XM_624009.6	Canon
ORTHOMCL2860	null	1	1	2	1	1	1	1	1	1	1	2	PGRP-S3	NP_001157187.1	Amel	NM_001163715.1	Canon
ORTHOMCL2875	null	1	1	2	2	1	1	1	1	1	1	1	LOC724930	XP_006570976.2	Amel	XM_006570913.3	Canon
ORTHOMCL2879	null	1	1	1	1	1	1	1	1	1	1	3	LOC411577	XP_395048.4	Amel	XM_395048.6	Canon
ORTHOMCL2907	null	1	1	1	1	1	1	1	1	1	1	3	LOC727634	XP_001123340.2	Amel	XM_001123340.5	Canon
ORTHOMCL2960	null	1	1	1	1	2	1	2	1	1	1	1	LOC413409	XP_006563254.1	Amel	XM_006563191.3	Canon
ORTHOMCL2961	null	1	1	1	1	1	1	1	1	1	1	3	LOC551012	XP_006562729.1	Amel	XM_006562666.3	Canon
ORTHOMCL2985	null	3	1	1	0	1	0	1	1	2	1	1	LOC406142	NP_001011615.1	Amel	NM_001011615.1	Canon
ORTHOMCL3063	null	1	1	2	1	1	1	1	1	1	1	1	LOC100578156	XP_026296565.1	Amel	XM_026440780.1	Canon
ORTHOMCL3115	null	1	1	1	1	1	1	2	1	1	1	1	LOC413489	XP_396933.1	Amel	XM_396933.7	Canon
ORTHOMCL3144	null	1	1	1	2	1	1	1	1	1	1	1	LOC551608	XP_624002.4	Amel	XM_623999.6	Canon
ORTHOMCL3197	null	1	1	1	1	2	1	1	1	1	1	1	aub	NP_001159378.1	Amel	NM_001165906.1	Canon
ORTHOMCL3237	null	1	1	1	1	0	1	2	1	1	2	1	LOC413153	XP_016768644.1	Amel	XM_016913155.2	Canon
ORTHOMCL3260	null	1	1	1	1	1	1	1	1	2	1	1	LOC725388	XP_006571749.1	Amel	XM_006571686.3	Canon
ORTHOMCL3280	null	1	1	1	1	2	1	1	1	1	1	1	LOC413411	XP_396855.2	Amel	XM_396855.6	Canon
ORTHOMCL3357	null	1	1	2	1	1	1	1	1	1	1	1	LOC725368	XP_001121229.2	Amel	XM_001121229.5	Canon
ORTHOMCL3361	null	1	1	1	1	1	2	1	1	1	1	1	LOC410732	XP_006568006.1	Amel	XM_006567943.3	Canon
ORTHOMCL3366	null	2	1	1	1	1	1	1	1	1	1	1	NOS	NP_001012980.1	Amel	NM_001012962.1	Canon
ORTHOMCL3410	null	1	1	1	1	1	1	1	1	2	1	1	LOC725756	XP_001121565.2	Amel	XM_001121565.5	Canon
ORTHOMCL3446	null	1	1	1	1	1	2	1	1	1	1	1	LOC552756	XP_006557802.1	Amel	XM_006557739.3	Canon
ORTHOMCL3490	null	1	1	1	1	1	2	1	1	1	1	1	LOC413782	XP_397221.5	Amel	XM_397221.7	Canon
ORTHOMCL3556	null	1	1	2	1	1	1	1	1	1	1	1	LOC409365	XP_392880.5	Amel	XM_392880.7	Canon
ORTHOMCL3613	null	1	1	1	1	1	1	2	1	1	1	1	LOC727146	XP_006571842.1	Amel	XM_006571779.3	Canon
ORTHOMCL3619	null	2	1	1	1	1	1	1	1	1	1	1	LOC413668	XP_397109.3	Amel	XM_397109.6	Canon
ORTHOMCL3648	null	1	1	0	0	1	1	1	1	1	1	4	LOC409999	XP_393487.3	Amel	XM_393487.7	Canon
ORTHOMCL3651	null	1	1	1	1	2	1	1	1	1	1	1	LOC410183	XP_006569230.2	Amel	XM_006569167.3	Canon
ORTHOMCL3656	null	1	1	1	1	1	1	1	1	1	1	2	LOC413389	XP_006558043.1	Amel	XM_006557980.3	Canon
ORTHOMCL3761	null	1	1	1	1	1	2	1	1	1	1	1	Def1	NP_001011616.2	Amel	NM_001011616.2	Canon
ORTHOMCL3763	null	1	1	1	1	1	1	1	1	2	1	1	LOC411115	XP_026296611.1	Amel	XM_026440826.1	Canon
ORTHOMCL3939	null	1	1	1	1	2	1	1	1	1	1	1	LOC552064	XP_624446.3	Amel	XM_624443.4	Canon
ORTHOMCL3972	null	1	1	1	1	2	1	1	1	1	1	1	LOC725661	XP_001121483.3	Amel	XM_001121483.5	Canon
ORTHOMCL4002	null	1	1	1	2	1	1	1	1	1	1	1	LOC100578356	XP_006565907.2	Amel	XM_006565844.3	Canon
ORTHOMCL4003	null	1	1	1	1	1	1	1	1	2	1	1	B-gluc1	NP_001157186.1	Amel	NM_001163714.1	Canon
ORTHOMCL4131	null	1	1	1	1	1	2	1	1	1	1	1	LOC413394	XP_396838.2	Amel	XM_396838.6	Canon
ORTHOMCL4135	null	1	1	1	2	1	1	1	1	1	1	1	LOC100576742	XP_003250860.1	Amel	XM_003250812.4	Canon
ORTHOMCL4139	null	1	1	1	1	1	2	1	1	1	1	1	LOC413430	XP_396874.5	Amel	XM_396874.7	Canon
ORTHOMCL4147	null	1	1	1	1	2	1	1	1	1	1	1	LOC100576819	XP_026300395.1	Amel	XM_026444610.1	Canon
ORTHOMCL4165	null	1	1	1	2	1	1	1	1	1	1	1	LOC727396	XP_006569601.1	Amel	XM_006569538.2	Canon
ORTHOMCL4219	null	1	1	1	1	1	1	1	1	1	1	2	LOC725688	XP_001121505.2	Amel	XM_001121505.5	Canon
ORTHOMCL4232	null	2	2	1	1	1	1	1	1	0	1	1	cact1	NP_001157184.1	Amel	NM_001163712.1	Canon
ORTHOMCL4233	null	1	1	1	1	1	1	1	1	1	2	1	LOC408358	XP_006566438.1	Amel	XM_006566375.3	Canon
ORTHOMCL4246	null	1	1	1	1	2	1	1	1	1	1	1	LOC410257	XP_016770469.1	Amel	XM_016914980.2	Canon
ORTHOMCL4309	null	1	1	1	1	1	2	1	1	1	1	1	LOC551554	XP_623951.1	Amel	XM_623948.6	Canon
ORTHOMCL4334	null	1	1	1	1	2	1	1	1	1	1	1	LOC409336	XP_016768351.1	Amel	XM_016912862.2	Canon
ORTHOMCL4336	null	1	1	1	2	1	1	1	1	1	1	1	LOC412278	XP_006572241.1	Amel	XM_006572178.1	Canon
ORTHOMCL4359	null	1	1	1	1	1	1	2	1	1	1	1	LOC411270	XP_026297957.1	Amel	XM_026442172.1	Canon
ORTHOMCL4376	null	1	1	1	1	1	1	1	1	1	2	1	LOC494509	XP_006563114.2	Amel	XM_006563051.3	Canon
ORTHOMCL4441	null	1	1	1	1	1	1	1	1	1	1	1	LOC550884	XP_623278.2	Amel	XM_623275.4	Canon
ORTHOMCL4449	null	1	1	1	1	1	1	1	1	1	1	1	LOC725551	XP_026296431.1	Amel	XM_026440646.1	Canon
ORTHOMCL4484	null	1	1	1	1	1	1	1	1	1	1	1	LOC409495	XP_623287.2	Amel	XM_623284.5	Canon
ORTHOMCL4596	null	1	1	1	1	1	1	1	1	1	1	1	LOC411980	XP_003249231.1	Amel	XM_003249183.4	Canon
ORTHOMCL4610	null	1	1	1	1	1	1	1	1	1	1	1	LOC552528	XP_016769249.1	Amel	XM_016913760.2	Canon
ORTHOMCL4616	null	1	1	1	1	1	1	1	1	1	1	1	Pten	NP_001155985.1	Amel	NM_001162513.1	Canon
ORTHOMCL4627	null	1	1	1	1	1	1	1	1	1	1	1	LOC410719	XP_016769070.2	Amel	XM_016913581.2	Canon
ORTHOMCL4700	null	1	1	1	1	1	1	1	1	1	1	1	LOC409125	XP_392650.4	Amel	XM_392650.7	Canon
ORTHOMCL4722	null	1	1	1	1	1	1	1	1	1	1	1	LOC412687	XP_396142.4	Amel	XM_396142.7	Canon
ORTHOMCL4740	null	1	1	1	1	1	1	1	1	1	1	1	LOC726187	XP_026294725.1	Amel	XM_026438940.1	Canon
ORTHOMCL4857	null	1	1	1	1	0	1	2	0	1	1	2	Apid1	NP_001011613.1	Amel	NM_001011613.1	Canon
ORTHOMCL4870	null	1	1	1	1	1	1	1	1	1	1	1	LOC725832	XP_001121634.3	Amel	XM_001121634.5	Canon
ORTHOMCL4874	null	1	1	1	1	1	1	1	1	1	1	1	Dcr-1	NP_001116485.2	Amel	NM_001123013.2	Canon
ORTHOMCL4923	null	1	1	1	1	1	1	1	1	1	1	1	LOC409529	XP_393035.1	Amel	XM_393035.6	Canon
ORTHOMCL4943	null	1	1	1	1	1	1	1	1	1	1	1	LOC726562	XP_026295530.1	Amel	XM_026439745.1	Canon
ORTHOMCL4960	null	1	1	1	1	1	1	1	1	1	1	1	LOC551057	XP_623456.1	Amel	XM_623453.4	Canon
ORTHOMCL4973	null	1	1	1	1	1	1	1	1	1	1	1	LOC724169	XP_026296839.1	Amel	XM_026441054.1	Canon
ORTHOMCL4977	null	1	1	1	1	1	1	1	1	1	1	1	LOC408834	XP_392365.1	Amel	XM_392365.5	Canon
ORTHOMCL5155	null	1	1	1	1	1	1	1	1	1	1	1	LOC726289	XP_003251036.1	Amel	XM_003250988.4	Canon
ORTHOMCL5189	null	1	1	1	1	1	1	1	1	1	1	1	LOC552038	XP_624421.1	Amel	XM_624418.6	Canon
ORTHOMCL5241	null	1	1	1	1	1	1	1	1	1	1	1	LOC552315	XP_624693.1	Amel	XM_624690.6	Canon
ORTHOMCL5281	null	1	1	1	1	1	1	1	1	1	1	1	LOC551500	XP_623897.1	Amel	XM_623894.5	Canon
ORTHOMCL5295	null	1	1	1	1	1	1	1	1	1	1	1	LOC550710	XP_623105.1	Amel	XM_623102.6	Canon
ORTHOMCL5322	null	1	1	1	1	1	1	1	1	1	1	1	LOC726637	XP_001122360.3	Amel	XM_001122360.5	Canon
ORTHOMCL5334	null	1	1	1	1	1	1	1	1	1	1	1	LOC408533	XP_006563424.2	Amel	XM_006563361.3	Canon
ORTHOMCL5489	null	1	1	1	1	1	1	1	1	1	1	1	LOC551100	XP_016771798.1	Amel	XM_016916309.2	Canon
ORTHOMCL5549	null	1	1	1	1	1	1	1	1	1	1	1	LOC409920	XP_393411.1	Amel	XM_393411.6	Canon
ORTHOMCL5676	null	1	1	1	1	1	1	1	1	1	1	1	LOC552144	XP_624526.2	Amel	XM_624523.6	Canon
ORTHOMCL5682	null	1	1	1	1	1	1	1	1	1	1	1	LOC724386	XP_001120220.1	Amel	XM_001120220.5	Canon
ORTHOMCL5684	null	1	1	1	1	1	1	1	1	1	1	1	LOC725770	XP_026297040.1	Amel	XM_026441255.1	Canon
ORTHOMCL5783	null	1	1	1	1	1	1	1	1	1	1	1	LOC408851	XP_006567715.1	Amel	XM_006567652.1	Canon
ORTHOMCL5828	null	1	1	1	1	1	1	1	1	1	1	1	LOC409055	XP_003251675.1	Amel	XM_003251627.3	Canon
ORTHOMCL5856	null	1	1	1	1	1	1	1	1	1	1	1	LOC409393	XP_006566705.2	Amel	XM_006566642.3	Canon
ORTHOMCL5858	null	1	1	1	1	1	1	1	1	1	1	1	LOC551517	XP_623915.2	Amel	XM_623912.6	Canon
ORTHOMCL5869	null	1	1	1	1	1	1	1	1	1	1	1	LOC726002	XP_001121783.2	Amel	XM_001121783.5	Canon
ORTHOMCL5887	null	1	1	1	1	1	1	1	1	1	1	1	LOC551961	XP_624346.1	Amel	XM_624343.6	Canon
ORTHOMCL5912	null	1	1	1	1	1	1	1	1	1	1	1	LOC552247	XP_026299963.1	Amel	XM_026444178.1	Canon
ORTHOMCL5953	null	1	1	1	1	1	1	1	1	1	1	1	LOC409925	XP_393416.2	Amel	XM_393416.7	Canon
ORTHOMCL5983	null	1	1	1	1	1	1	1	1	1	1	1	LOC552720	XP_625098.1	Amel	XM_625095.6	Canon
ORTHOMCL6017	null	1	1	1	1	1	1	1	1	1	1	1	LOC409724	XP_016767899.1	Amel	XM_016912410.2	Canon
ORTHOMCL6025	null	1	1	1	1	1	1	1	1	1	1	1	LOC412884	XP_026300031.1	Amel	XM_026444246.1	Canon
ORTHOMCL6083	null	1	1	1	1	1	1	1	1	1	1	1	LOC412097	XP_395563.4	Amel	XM_395563.7	Canon
ORTHOMCL6111	null	1	1	1	1	1	1	1	1	1	1	1	LOC412235	XP_395697.2	Amel	XM_395697.7	Canon
ORTHOMCL6256	null	1	1	1	1	1	1	1	1	1	1	1	LOC550869	XP_006558188.1	Amel	XM_006558125.3	Canon
ORTHOMCL6260	null	1	1	1	1	1	1	1	1	1	1	1	LOC551668	XP_624060.4	Amel	XM_624057.6	Canon
ORTHOMCL6342	null	1	1	1	1	1	1	1	1	1	1	1	LOC552091	XP_624472.3	Amel	XM_624469.6	Canon
ORTHOMCL6371	null	1	1	1	1	1	1	1	1	1	1	1	LOC551290	XP_623690.5	Amel	XM_623687.6	Canon
ORTHOMCL6389	null	1	1	1	1	0	1	1	2	1	1	1	LOC552062	XP_006571833.1	Amel	XM_006571770.3	Canon
ORTHOMCL6411	null	1	1	1	1	1	1	1	1	1	1	1	LOC724303	XP_026295984.1	Amel	XM_026440199.1	Canon
ORTHOMCL6456	null	1	1	1	1	1	1	1	1	1	1	1	LOC409667	XP_393165.3	Amel	XM_393165.7	Canon
ORTHOMCL6504	null	1	1	1	1	1	1	1	1	1	1	1	LOC551314	XP_623715.2	Amel	XM_623712.6	Canon
ORTHOMCL6506	null	1	1	1	1	1	1	1	1	1	1	1	LOC552150	XP_624532.3	Amel	XM_624529.6	Canon
ORTHOMCL6514	null	1	1	1	1	1	1	1	1	1	1	1	LOC408717	XP_006559151.1	Amel	XM_006559088.3	Canon
ORTHOMCL6520	null	1	1	1	1	1	1	1	1	1	1	1	LOC100576527	XP_003249317.1	Amel	XM_003249269.4	Canon
ORTHOMCL6552	null	1	1	1	1	1	1	1	1	1	1	1	LOC409165	XP_006559569.1	Amel	XM_006559506.3	Canon
ORTHOMCL6562	null	1	1	1	1	1	1	1	1	1	1	1	LOC552571	XP_624950.1	Amel	XM_624947.5	Canon
ORTHOMCL6624	null	1	1	1	1	1	1	0	1	1	1	2	LOC100577844	XP_003250675.2	Amel	XM_003250627.4	Canon
ORTHOMCL6627	null	2	1	0	1	1	1	1	1	1	1	1	LOC552721	XP_625099.2	Amel	XM_625096.5	Canon
ORTHOMCL6668	null	1	1	1	1	1	1	1	1	1	1	1	LOC551721	XP_624112.1	Amel	XM_624109.5	Canon
ORTHOMCL6691	null	1	1	1	1	1	1	1	1	1	1	1	LOC551437	XP_016768646.1	Amel	XM_016913157.2	Canon
ORTHOMCL6703	null	1	1	1	1	1	1	1	1	1	1	1	LOC411295	XP_394769.2	Amel	XM_394769.7	Canon
ORTHOMCL6739	null	1	1	1	1	1	1	1	1	1	1	1	LOC725184	XP_001120069.1	Amel	XM_001120069.5	Canon
ORTHOMCL6927	null	1	1	1	1	1	1	1	1	1	1	1	LOC551198	XP_623596.2	Amel	XM_623593.5	Canon
ORTHOMCL6929	null	1	1	1	1	1	1	1	1	1	1	1	LOC552201	XP_624581.2	Amel	XM_624578.6	Canon
ORTHOMCL6992	null	1	1	1	1	1	1	1	1	1	1	1	LOC724188	XP_001119885.1	Amel	XM_001119885.4	Canon
ORTHOMCL6997	null	1	1	1	1	1	1	1	1	1	1	1	LOC409298	XP_392816.2	Amel	XM_392816.7	Canon
ORTHOMCL7012	null	1	1	1	1	1	1	1	1	1	1	1	LOC409226	XP_392750.1	Amel	XM_392750.7	Canon
ORTHOMCL7019	null	1	1	1	1	1	1	1	1	1	1	1	LOC551969	XP_624354.1	Amel	XM_624351.6	Canon
ORTHOMCL7049	null	1	1	1	1	1	1	1	1	1	1	1	LOC408426	XP_391973.3	Amel	XM_391973.6	Canon
ORTHOMCL7056	null	1	1	1	1	1	1	1	1	1	1	1	LOC552520	XP_624899.1	Amel	XM_624896.6	Canon
ORTHOMCL7125	null	1	1	1	1	1	1	1	1	1	1	1	LOC725571	XP_006564672.2	Amel	XM_006564609.3	Canon
ORTHOMCL7131	null	1	1	1	1	1	1	1	1	1	1	1	LOC551922	XP_624310.2	Amel	XM_624307.6	Canon
ORTHOMCL7172	null	1	1	1	1	1	1	1	1	1	1	1	LOC102656107	XP_006566171.1	Amel	XM_006566108.3	Canon
ORTHOMCL7228	null	1	1	1	1	1	1	1	1	1	1	1	LOC726958	XP_001122675.2	Amel	XM_001122675.5	Canon
ORTHOMCL7295	null	1	1	1	1	1	1	1	1	1	1	1	Vha16	NP_001011570.1	Amel	NM_001011570.1	Canon
ORTHOMCL7348	null	1	1	1	1	1	1	1	1	0	1	2	LOC100577408	XP_026298283.1	Amel	XM_026442498.1	Canon
ORTHOMCL7356	null	1	1	1	1	1	1	1	1	1	1	1	LOC413881	XP_397320.1	Amel	XM_397320.7	Canon
ORTHOMCL7528	null	1	1	1	1	1	1	1	1	1	1	1	LOC413194	XP_006560502.2	Amel	XM_006560439.3	Canon
ORTHOMCL7588	null	1	1	1	1	1	1	1	1	1	1	1	LOC409341	XP_392857.2	Amel	XM_392857.6	Canon
ORTHOMCL7695	null	1	1	1	1	2	1	1	1	1	1	0	LOC409074	XP_392599.1	Amel	XM_392599.7	Canon
ORTHOMCL7704	null	1	1	1	1	1	1	1	1	1	1	1	LOC552410	XP_624787.1	Amel	XM_624784.6	Canon
ORTHOMCL7712	null	1	1	1	1	1	1	1	1	1	1	1	LOC725178	XP_003249914.1	Amel	XM_003249866.4	Canon
ORTHOMCL7807	null	1	1	1	1	1	1	1	1	1	1	1	LOC410510	XP_393989.4	Amel	XM_393989.7	Canon
ORTHOMCL7817	null	1	1	1	1	1	1	1	1	1	1	1	LOC726497	XP_026296804.1	Amel	XM_026441019.1	Canon
ORTHOMCL7829	null	1	1	1	1	1	1	1	1	1	1	1	LOC409946	XP_393438.2	Amel	XM_393438.6	Canon
ORTHOMCL7962	null	1	1	1	1	1	1	0	1	1	1	1	LOC409405	XP_392920.1	Amel	XM_392920.7	Canon
ORTHOMCL8024	null	1	1	1	0	1	1	1	1	1	1	1	Tspan6	NP_001011592.1	Amel	NM_001011592.1	Canon
ORTHOMCL8216	null	1	1	1	1	1	1	1	1	0	1	1	LOC409187	XP_392711.4	Amel	XM_392711.7	Canon
ORTHOMCL8284	null	1	1	1	1	1	1	1	1	0	1	1	LOC102656905	XP_006563488.2	Amel	XM_006563425.3	Canon
ORTHOMCL8293	null	1	1	1	1	1	1	1	1	0	1	1	LOC725154	XP_006571638.2	Amel	XM_006571575.3	Canon
ORTHOMCL8479	null	1	1	0	0	1	1	1	1	2	1	1	Def2	NP_001011638.1	Amel	NM_001011638.1	Canon
ORTHOMCL8605	null	1	1	1	0	0	1	1	1	1	1	1	LOC410031	XP_006565417.2	Amel	XM_006565354.3	Canon
ORTHOMCL8790	null	0	1	1	1	1	1	1	1	1	0	1	LOC724543	XP_001120432.1	Amel	XM_001120432.4	Canon
ORTHOMCL8926	null	1	1	1	1	0	1	1	1	1	0	0	LOC724793	XP_006562702.1	Amel	XM_006562639.3	Canon
ORTHOMCL10422	null	1	1	0	0	0	0	0	0	0	0	0	LOC725766	XP_001121575.2	Amel	XM_001121575.5	Canon
